date,new_cases_smoothed,new_deaths_smoothed,icu_patients,hosp_patients,new_tests_smoothed,stringency_index
2020-03-01T00:00:00,16.857,0.143,9.0,116.0,,34.72
2020-03-08T00:00:00,142.143,2.429,,,,43.98
2020-03-15T00:00:00,486.714,10.286,,400.0,,49.54
2020-03-22T00:00:00,1747.0,83.571,1674.0,6954.0,,87.96
2020-03-29T00:00:00,3362.143,276.0,4592.0,19311.0,,87.96
2020-04-05T00:00:00,1132.714,781.857,6859.0,28747.0,,87.96
2020-04-12T00:00:00,8652.429,902.143,6714.0,31665.0,,87.96
2020-04-19T00:00:00,6166.143,756.857,5644.0,30486.0,,87.96
2020-04-26T00:00:00,1475.0,448.0,4598.0,28114.0,,87.96
2020-05-03T00:00:00,1180.0,295.429,3762.0,25739.0,,87.96
2020-05-10T00:00:00,1123.429,212.143,2728.0,22502.0,,87.96
2020-05-17T00:00:00,471.286,247.143,2047.0,19302.0,,76.85
2020-05-24T00:00:00,365.143,37.0,1618.0,17129.0,35133.0,76.85
2020-05-31T00:00:00,959.429,61.857,1287.0,14271.0,39425.0,75.0
2020-06-07T00:00:00,341.143,50.429,1024.0,12415.0,31393.0,72.22
2020-06-14T00:00:00,500.571,36.143,841.0,10836.0,34183.0,72.22
2020-06-21T00:00:00,517.571,33.286,687.0,9778.0,34198.0,72.22
2020-06-28T00:00:00,381.0,19.571,594.0,8727.0,38116.0,51.85
2020-07-05T00:00:00,503.571,16.286,521.0,7863.0,48009.0,51.85
2020-07-12T00:00:00,531.429,16.714,473.0,6991.0,55128.0,46.3
2020-07-19T00:00:00,539.429,20.857,448.0,6583.0,57910.0,46.3
2020-07-26T00:00:00,834.571,5.429,367.0,5640.0,73523.0,46.3
2020-08-02T00:00:00,1040.571,10.286,345.0,5188.0,85081.0,46.3
2020-08-09T00:00:00,1443.429,8.714,368.0,4992.0,87954.0,46.3
2020-08-16T00:00:00,2940.857,12.286,353.0,4820.0,91177.0,48.15
2020-08-23T00:00:00,3500.571,14.714,371.0,4683.0,122389.0,48.15
2020-08-30T00:00:00,5078.429,13.857,396.0,4517.0,150918.0,48.15
2020-09-06T00:00:00,6699.429,13.857,480.0,4697.0,164798.0,48.61
2020-09-13T00:00:00,8082.286,31.0,662.0,5228.0,195117.0,48.61
2020-09-20T00:00:00,10283.0,52.714,834.0,5356.0,200272.0,48.61
2020-09-27T00:00:00,12246.143,63.286,1112.0,6235.0,169443.0,49.54
2020-10-04T00:00:00,11592.714,69.571,1335.0,6964.0,159190.0,49.54
2020-10-11T00:00:00,16715.143,71.714,1483.0,8231.0,183278.0,43.98
2020-10-18T00:00:00,23310.0,107.571,1939.0,10897.0,231703.0,49.54
2020-10-25T00:00:00,28231.286,166.571,2575.0,16454.0,273688.0,49.54
2020-11-01T00:00:00,46058.286,344.143,3569.0,24008.0,308492.0,78.7
2020-11-08T00:00:00,53794.286,490.286,4527.0,30217.0,300125.0,78.7
2020-11-15T00:00:00,28040.714,589.0,4880.0,33050.0,229103.0,78.7
2020-11-22T00:00:00,22764.286,598.857,4491.0,31522.0,200043.0,78.7
2020-11-29T00:00:00,11393.286,515.0,3744.0,28284.0,174161.0,75.0
2020-12-06T00:00:00,10729.571,405.143,3210.0,26262.0,167252.0,75.0
2020-12-13T00:00:00,12138.714,395.429,2861.0,25207.0,190930.0,75.0
2020-12-20T00:00:00,13885.143,378.571,2745.0,24961.0,334584.0,63.89
2020-12-27T00:00:00,12392.429,314.571,2650.0,24620.0,424570.0,63.89
2021-01-03T00:00:00,13775.857,328.143,2665.0,24780.0,258712.0,63.89
2021-01-10T00:00:00,18264.429,388.714,2620.0,24526.0,284662.0,63.89
2021-01-17T00:00:00,18315.429,362.429,2766.0,25235.0,280350.0,63.89
2021-01-24T00:00:00,20448.857,395.429,2955.0,26357.0,288592.0,63.89
2021-01-31T00:00:00,20545.429,430.143,3148.0,27573.0,312889.0,63.89
2021-02-07T00:00:00,20008.714,415.714,3262.0,27652.0,320342.0,63.89
2021-02-14T00:00:00,18351.857,407.286,3299.0,26401.0,311008.0,60.19
2021-02-21T00:00:00,20014.857,352.571,3392.0,25464.0,306504.0,60.19
2021-02-28T00:00:00,21580.857,307.143,3492.0,25280.0,295053.0,70.37
2021-03-07T00:00:00,21204.714,306.714,3743.0,24818.0,294746.0,70.37
2021-03-14T00:00:00,23967.714,265.286,4127.0,24989.0,331262.0,70.37
2021-03-21T00:00:00,30174.286,264.286,4406.0,25926.0,388536.0,70.37
2021-03-28T00:00:00,37598.857,331.571,4872.0,27712.0,459563.0,68.52
2021-04-04T00:00:00,39577.0,293.571,5341.0,29356.0,530961.0,68.52
2021-04-11T00:00:00,33754.143,300.143,5838.0,30671.0,363733.0,75.0
2021-04-18T00:00:00,32990.429,283.286,5893.0,30789.0,333699.0,75.0
2021-04-25T00:00:00,29799.714,303.571,5978.0,30287.0,295813.0,75.0
2021-05-02T00:00:00,22037.714,280.571,5585.0,28818.0,295413.0,75.0
2021-05-09T00:00:00,17843.857,224.714,4971.0,25797.0,333025.0,63.89
2021-05-16T00:00:00,14400.429,174.857,4255.0,22963.0,323895.0,63.89
2021-05-23T00:00:00,10687.286,140.143,3515.0,19720.0,354458.0,54.63
2021-05-30T00:00:00,9062.571,115.286,2993.0,16775.0,296423.0,54.63
2021-06-06T00:00:00,6561.143,86.143,2527.0,14525.0,301255.0,54.63
2021-06-13T00:00:00,4010.143,56.571,2106.0,12480.0,279022.0,54.63
2021-06-20T00:00:00,2396.429,49.714,1703.0,10518.0,262436.0,47.22
2021-06-27T00:00:00,1828.143,33.0,1345.0,8986.0,244671.0,47.22
2021-07-04T00:00:00,2322.143,27.857,1104.0,7913.0,272734.0,45.83
2021-07-11T00:00:00,3787.0,23.857,947.0,7183.0,319309.0,43.98
2021-07-18T00:00:00,7886.571,21.0,891.0,6936.0,330838.0,43.98
2021-07-25T00:00:00,18067.857,21.714,886.0,6843.0,472565.0,43.98
2021-08-01T00:00:00,21968.571,39.0,1137.0,7581.0,561237.0,43.98
2021-08-08T00:00:00,23018.286,49.714,1556.0,8685.0,569758.0,43.98
2021-08-15T00:00:00,24574.0,71.143,1852.0,9798.0,778016.0,66.67
2021-08-22T00:00:00,22413.857,121.429,2128.0,10651.0,774591.0,66.67
2021-08-29T00:00:00,18133.143,121.714,2276.0,11092.0,704790.0,
2020-01-29T00:00:00,0.714,0.0,2.0,5.0,,5.56
2020-01-30T00:00:00,0.714,0.0,2.0,6.0,,5.56
2020-01-31T00:00:00,0.429,0.0,2.0,6.0,,5.56
2020-02-01T00:00:00,0.429,0.0,,,,5.56
2020-02-02T00:00:00,0.429,0.0,1.0,6.0,,5.56
2020-02-03T00:00:00,0.429,0.0,1.0,6.0,,5.56
2020-02-04T00:00:00,0.286,0.0,1.0,6.0,,5.56
2020-02-05T00:00:00,0.143,0.0,1.0,6.0,,5.56
2020-02-06T00:00:00,0.143,0.0,,6.0,,5.56
2020-02-07T00:00:00,0.143,0.0,1.0,11.0,,5.56
2020-02-08T00:00:00,0.714,0.0,1.0,11.0,,5.56
2020-02-09T00:00:00,0.714,0.0,1.0,11.0,,5.56
2020-02-10T00:00:00,0.714,0.0,1.0,11.0,,5.56
2020-02-11T00:00:00,0.714,0.0,,11.0,,5.56
2020-02-12T00:00:00,0.714,0.0,1.0,11.0,,5.56
2020-02-13T00:00:00,0.714,0.0,1.0,8.0,,5.56
2020-02-14T00:00:00,0.714,0.0,,,,5.56
2020-02-15T00:00:00,0.143,0.143,,7.0,,5.56
2020-02-16T00:00:00,0.143,0.143,,,,5.56
2020-02-17T00:00:00,0.143,0.143,,,,5.56
2020-02-18T00:00:00,0.143,0.143,,,,5.56
2020-02-19T00:00:00,0.143,0.143,,4.0,,5.56
2020-02-20T00:00:00,0.143,0.143,,11.0,,5.56
2020-02-21T00:00:00,0.143,0.143,,1.0,,5.56
2020-02-25T00:00:00,0.286,0.0,,2.0,,13.89
2020-02-26T00:00:00,0.857,0.143,,4.0,,13.89
2020-02-27T00:00:00,3.714,0.143,2.0,24.0,,13.89
2020-02-28T00:00:00,6.429,0.143,,,,13.89
2020-02-29T00:00:00,12.571,0.143,9.0,86.0,,34.72
2020-03-02T00:00:00,25.571,0.286,,,,43.98
2020-03-03T00:00:00,28.286,0.429,,,,43.98
2020-03-04T00:00:00,38.571,0.286,15.0,,,43.98
2020-03-05T00:00:00,55.429,0.714,23.0,,,43.98
2020-03-06T00:00:00,79.857,1.0,39.0,,,43.98
2020-03-07T00:00:00,121.143,2.0,45.0,,,43.98
2020-03-09T00:00:00,174.286,3.143,66.0,,,43.98
2020-03-10T00:00:00,224.429,4.143,86.0,,,43.98
2020-03-11T00:00:00,286.429,6.286,105.0,,,43.98
2020-03-12T00:00:00,266.714,5.857,129.0,,,43.98
2020-03-13T00:00:00,437.857,10.0,,,,43.98
2020-03-14T00:00:00,506.857,10.714,300.0,,,49.54
2020-03-16T00:00:00,753.143,17.714,,,,56.94
2020-03-17T00:00:00,847.429,16.571,699.0,2579.0,,87.96
2020-03-18T00:00:00,975.857,14.429,771.0,2972.0,,87.96
2020-03-19T00:00:00,1239.571,28.0,1002.0,4073.0,,87.96
2020-03-20T00:00:00,1296.714,53.143,1297.0,5226.0,,87.96
2020-03-21T00:00:00,1423.857,67.429,1453.0,5900.0,,87.96
2020-03-23T00:00:00,1919.571,101.857,2080.0,8673.0,,87.96
2020-03-24T00:00:00,2093.857,136.143,2503.0,10163.0,,87.96
2020-03-25T00:00:00,2315.286,169.143,2935.0,12072.0,,87.96
2020-03-26T00:00:00,2611.714,207.571,3351.0,13879.0,,87.96
2020-03-27T00:00:00,2898.143,220.714,3758.0,15701.0,,87.96
2020-03-28T00:00:00,3318.571,250.143,4236.0,17580.0,,87.96
2020-03-30T00:00:00,3503.571,309.0,5056.0,20946.0,,87.96
2020-03-31T00:00:00,4272.714,346.286,5496.0,22672.0,,87.96
2020-04-01T00:00:00,4542.0,492.286,5940.0,24543.0,,87.96
2020-04-02T00:00:00,4282.143,527.286,6305.0,26131.0,,87.96
2020-04-03T00:00:00,4486.714,644.857,6556.0,27302.0,,87.96
2020-04-04T00:00:00,1383.286,749.714,6723.0,28003.0,,87.96
2020-04-06T00:00:00,891.286,841.286,6948.0,29569.0,,87.96
2020-04-11T00:00:00,1524.143,896.143,6752.0,31159.0,,87.96
2020-04-13T00:00:00,8721.286,865.0,6690.0,31952.0,,87.96
2020-04-14T00:00:00,11712.286,768.857,6599.0,32131.0,,87.96
2020-04-15T00:00:00,11619.714,896.571,6331.0,31623.0,,87.96
2020-04-16T00:00:00,12876.0,812.714,6139.0,31172.0,,87.96
2020-04-17T00:00:00,12922.429,780.714,5922.0,31061.0,,87.96
2020-04-18T00:00:00,13259.429,781.429,5733.0,30515.0,,87.96
2020-04-20T00:00:00,6067.0,753.143,5584.0,30462.0,,87.96
2020-04-21T00:00:00,3955.286,722.429,5334.0,29984.0,,87.96
2020-04-22T00:00:00,3754.143,594.714,5127.0,29627.0,,87.96
2020-04-23T00:00:00,1713.143,560.857,4967.0,29113.0,,87.96
2020-04-24T00:00:00,1844.571,507.714,4785.0,28554.0,,87.96
2020-04-25T00:00:00,1540.857,468.857,4641.0,28119.0,,87.96
2020-04-27T00:00:00,1652.0,432.286,4526.0,27954.0,,87.96
2020-04-28T00:00:00,1718.571,409.286,4392.0,27607.0,,87.96
2020-04-29T00:00:00,1253.714,392.429,4128.0,26736.0,,87.96
2020-04-30T00:00:00,1671.857,360.0,3947.0,26192.0,,87.96
2020-05-01T00:00:00,1345.429,335.429,3819.0,25809.0,,87.96
2020-05-02T00:00:00,1218.857,310.857,3770.0,25751.0,,87.96
2020-05-04T00:00:00,733.714,276.714,3639.0,25472.0,,87.96
2020-05-05T00:00:00,445.857,271.857,3375.0,24701.0,,87.96
2020-05-06T00:00:00,1244.571,250.286,3095.0,23912.0,,87.96
2020-05-07T00:00:00,1176.429,234.571,2911.0,23139.0,,87.96
2020-05-08T00:00:00,1177.143,238.143,2820.0,22657.0,,87.96
2020-05-09T00:00:00,1139.429,221.429,2764.0,22547.0,,87.96
2020-05-11T00:00:00,1088.143,206.0,2666.0,22219.0,,76.85
2020-05-12T00:00:00,1036.143,208.143,2496.0,21530.0,,76.85
2020-05-13T00:00:00,519.714,181.0,2385.0,21009.0,,76.85
2020-05-14T00:00:00,505.571,205.571,2256.0,20401.0,,76.85
2020-05-15T00:00:00,503.0,185.571,2162.0,19801.0,,76.85
2020-05-16T00:00:00,486.857,188.143,2091.0,19372.0,,76.85
2020-05-18T00:00:00,489.714,228.0,1958.0,18956.0,,76.85
2020-05-19T00:00:00,453.714,147.286,1854.0,18409.0,37136.0,76.85
2020-05-20T00:00:00,448.0,151.0,1754.0,17882.0,39112.0,76.85
2020-05-21T00:00:00,394.429,112.571,1708.0,17527.0,34340.0,76.85
2020-05-22T00:00:00,429.143,119.143,1664.0,17327.0,34700.0,76.85
2020-05-23T00:00:00,447.857,117.429,1628.0,17122.0,35049.0,76.85
2020-05-25T00:00:00,348.143,31.286,1572.0,16742.0,35138.0,76.85
2020-05-26T00:00:00,313.0,81.857,1519.0,16209.0,35246.0,75.0
2020-05-27T00:00:00,269.0,66.143,1467.0,15627.0,34255.0,75.0
2020-05-28T00:00:00,708.429,64.0,1395.0,15155.0,39246.0,75.0
2020-05-29T00:00:00,685.286,50.143,1328.0,14643.0,39062.0,75.0
2020-05-30T00:00:00,863.571,46.0,1293.0,14329.0,39237.0,75.0
2020-06-01T00:00:00,971.143,53.714,1270.0,14237.0,33441.0,75.0
2020-06-02T00:00:00,842.286,49.286,1221.0,13978.0,32725.0,72.22
2020-06-03T00:00:00,356.714,60.714,1179.0,13465.0,32472.0,72.22
2020-06-04T00:00:00,502.0,57.571,1133.0,13054.0,32027.0,72.22
2020-06-05T00:00:00,500.143,56.714,1065.0,12650.0,31617.0,72.22
2020-06-06T00:00:00,325.571,53.0,1030.0,12433.0,31530.0,72.22
2020-06-08T00:00:00,322.143,53.714,995.0,12269.0,36439.0,72.22
2020-06-09T00:00:00,493.571,51.143,926.0,11915.0,35702.0,72.22
2020-06-10T00:00:00,1043.714,42.571,904.0,11632.0,35093.0,72.22
2020-06-11T00:00:00,472.857,40.0,875.0,11420.0,34697.0,72.22
2020-06-12T00:00:00,504.286,37.571,851.0,11079.0,34385.0,72.22
2020-06-13T00:00:00,493.571,36.571,843.0,10864.0,34314.0,72.22
2020-06-15T00:00:00,480.857,32.286,818.0,10707.0,33972.0,72.22
2020-06-16T00:00:00,496.571,36.0,792.0,10490.0,33846.0,72.22
2020-06-17T00:00:00,477.143,36.571,744.0,10222.0,33772.0,72.22
2020-06-18T00:00:00,508.857,36.714,724.0,10080.0,33650.0,72.22
2020-06-19T00:00:00,506.857,34.714,699.0,9925.0,33861.0,72.22
2020-06-20T00:00:00,524.286,33.857,687.0,9792.0,34220.0,72.22
2020-06-22T00:00:00,518.429,32.714,673.0,9648.0,34857.0,51.85
2020-06-23T00:00:00,523.429,24.143,654.0,9446.0,35627.0,51.85
2020-06-24T00:00:00,491.857,22.429,630.0,9254.0,36409.0,51.85
2020-06-25T00:00:00,444.571,21.143,623.0,9096.0,36695.0,51.85
2020-06-26T00:00:00,512.571,22.857,606.0,8841.0,37450.0,51.85
2020-06-27T00:00:00,488.143,20.429,594.0,8715.0,37869.0,51.85
2020-06-29T00:00:00,452.857,21.143,591.0,8643.0,40017.0,51.85
2020-06-30T00:00:00,416.286,17.714,574.0,8491.0,41635.0,51.85
2020-07-01T00:00:00,519.429,18.571,554.0,8291.0,43302.0,51.85
2020-07-02T00:00:00,560.0,17.714,545.0,8103.0,45448.0,51.85
2020-07-03T00:00:00,456.571,16.571,533.0,7946.0,47314.0,51.85
2020-07-04T00:00:00,443.714,16.429,517.0,7863.0,47966.0,51.85
2020-07-06T00:00:00,556.857,15.571,521.0,7806.0,48771.0,51.85
2020-07-07T00:00:00,558.571,12.857,511.0,7550.0,49705.0,51.85
2020-07-08T00:00:00,534.571,14.571,503.0,7254.0,50829.0,51.85
2020-07-09T00:00:00,521.0,15.0,486.0,7134.0,52806.0,51.85
2020-07-10T00:00:00,546.143,16.143,471.0,7020.0,54641.0,51.85
2020-07-11T00:00:00,530.857,16.571,470.0,6995.0,55130.0,46.3
2020-07-13T00:00:00,589.286,15.714,467.0,6941.0,57079.0,46.3
2020-07-14T00:00:00,533.286,14.429,465.0,6907.0,49377.0,46.3
2020-07-15T00:00:00,519.714,22.571,457.0,6873.0,51540.0,46.3
2020-07-16T00:00:00,537.571,22.714,456.0,6754.0,53784.0,46.3
2020-07-17T00:00:00,553.429,20.857,452.0,6646.0,56218.0,46.3
2020-07-18T00:00:00,541.143,20.857,450.0,6614.0,57371.0,46.3
2020-07-20T00:00:00,609.143,21.0,442.0,6547.0,59670.0,46.3
2020-07-21T00:00:00,685.286,18.857,430.0,6440.0,70657.0,46.3
2020-07-22T00:00:00,713.0,7.143,420.0,6324.0,71936.0,46.3
2020-07-23T00:00:00,808.286,6.286,411.0,5915.0,72482.0,46.3
2020-07-24T00:00:00,846.143,5.857,385.0,5678.0,72757.0,46.3
2020-07-25T00:00:00,834.571,5.429,368.0,5634.0,73139.0,46.3
2020-07-27T00:00:00,917.0,4.571,374.0,5614.0,74975.0,46.3
2020-07-28T00:00:00,912.571,8.286,361.0,5510.0,77082.0,46.3
2020-07-29T00:00:00,991.0,9.429,356.0,5409.0,79768.0,46.3
2020-07-30T00:00:00,1013.571,10.143,357.0,5334.0,82250.0,46.3
2020-07-31T00:00:00,1043.857,10.286,347.0,5257.0,84252.0,46.3
2020-08-01T00:00:00,1040.714,10.286,344.0,5177.0,84862.0,46.3
2020-08-03T00:00:00,1165.286,12.0,360.0,5157.0,86532.0,46.3
2020-08-04T00:00:00,1223.429,10.429,364.0,5121.0,86914.0,46.3
2020-08-05T00:00:00,1257.429,10.0,360.0,5107.0,86698.0,46.3
2020-08-06T00:00:00,1287.0,8.286,366.0,5019.0,87287.0,46.3
2020-08-07T00:00:00,1441.857,8.571,359.0,4970.0,87563.0,46.3
2020-08-08T00:00:00,1443.0,8.714,366.0,4981.0,87867.0,46.3
2020-08-10T00:00:00,1643.286,6.571,372.0,5004.0,88447.0,46.3
2020-08-11T00:00:00,1705.714,8.143,367.0,4971.0,88434.0,46.3
2020-08-12T00:00:00,1833.714,9.286,355.0,4850.0,89171.0,46.3
2020-08-13T00:00:00,1986.429,11.143,351.0,4824.0,90787.0,46.3
2020-08-14T00:00:00,2061.714,12.0,344.0,4788.0,93745.0,48.15
2020-08-15T00:00:00,2510.286,12.0,353.0,4817.0,90467.0,48.15
2020-08-17T00:00:00,2351.571,12.857,361.0,4885.0,96526.0,48.15
2020-08-18T00:00:00,2453.143,14.143,357.0,4783.0,102064.0,48.15
2020-08-19T00:00:00,2622.143,14.0,362.0,4781.0,106842.0,48.15
2020-08-20T00:00:00,2926.429,13.143,368.0,4723.0,111517.0,48.15
2020-08-21T00:00:00,3217.857,13.857,367.0,4720.0,116090.0,48.15
2020-08-22T00:00:00,3255.571,15.0,368.0,4685.0,122177.0,48.15
2020-08-24T00:00:00,3692.143,14.286,387.0,4664.0,127083.0,48.15
2020-08-25T00:00:00,3902.714,13.857,401.0,4578.0,131698.0,48.15
2020-08-26T00:00:00,3402.714,11.286,373.0,4535.0,136962.0,48.15
2020-08-27T00:00:00,4320.714,14.714,375.0,4517.0,142854.0,48.15
2020-08-28T00:00:00,4702.286,13.857,381.0,4517.0,148115.0,48.15
2020-08-29T00:00:00,4986.0,13.429,394.0,4512.0,150319.0,48.15
2020-08-31T00:00:00,5240.857,16.0,403.0,4564.0,155548.0,48.15
2020-09-01T00:00:00,5456.714,17.143,418.0,4586.0,158192.0,46.76
2020-09-02T00:00:00,6428.143,20.857,440.0,4614.0,160074.0,46.76
2020-09-03T00:00:00,5841.857,18.286,458.0,4625.0,161236.0,48.61
2020-09-04T00:00:00,6018.286,12.857,467.0,4653.0,163511.0,48.61
2020-09-05T00:00:00,6466.0,13.714,476.0,4667.0,164701.0,48.61
2020-09-07T00:00:00,6864.143,12.714,531.0,4889.0,168321.0,48.61
2020-09-08T00:00:00,7097.571,14.286,568.0,4942.0,174763.0,48.61
2020-09-09T00:00:00,7313.571,15.143,593.0,4985.0,180785.0,48.61
2020-09-10T00:00:00,7690.714,15.429,608.0,5077.0,187640.0,48.61
2020-09-11T00:00:00,7786.286,30.0,628.0,5136.0,193774.0,48.61
2020-09-12T00:00:00,8178.143,30.857,655.0,5176.0,195020.0,48.61
2020-09-14T00:00:00,8375.714,32.571,705.0,5479.0,199571.0,48.61
2020-09-15T00:00:00,8531.143,34.286,752.0,5660.0,203091.0,48.61
2020-09-16T00:00:00,8769.429,36.571,796.0,5800.0,204493.0,48.61
2020-09-17T00:00:00,8837.571,40.571,793.0,5825.0,203477.0,48.61
2020-09-18T00:00:00,9366.714,50.857,820.0,5800.0,201178.0,48.61
2020-09-19T00:00:00,9684.286,51.857,827.0,5493.0,200173.0,48.61
2020-09-21T00:00:00,10171.429,55.429,912.0,5597.0,195643.0,48.61
2020-09-22T00:00:00,10494.0,59.571,944.0,5777.0,188954.0,46.76
2020-09-23T00:00:00,10917.571,59.286,995.0,5913.0,182579.0,46.76
2020-09-24T00:00:00,11727.571,59.429,1041.0,6012.0,176763.0,46.76
2020-09-25T00:00:00,12137.714,59.0,1092.0,6110.0,171803.0,46.76
2020-09-26T00:00:00,12232.0,61.0,1105.0,6154.0,170371.0,49.54
2020-09-28T00:00:00,12069.0,67.714,1158.0,6397.0,165950.0,49.54
2020-09-29T00:00:00,11772.0,66.857,1198.0,6482.0,162641.0,49.54
2020-09-30T00:00:00,11934.0,71.714,1232.0,6572.0,160535.0,49.54
2020-10-01T00:00:00,11522.0,73.0,1259.0,6634.0,158870.0,49.54
2020-10-02T00:00:00,10998.0,70.857,1270.0,6740.0,158332.0,49.54
2020-10-03T00:00:00,11325.714,68.857,1289.0,6740.0,158939.0,49.54
2020-10-05T00:00:00,11784.143,67.714,1409.0,7276.0,161590.0,49.54
2020-10-06T00:00:00,12256.286,69.714,1417.0,7377.0,164107.0,49.54
2020-10-07T00:00:00,12911.571,69.714,1406.0,7514.0,167264.0,49.54
2020-10-08T00:00:00,13536.857,72.0,1418.0,7603.0,172205.0,49.54
2020-10-09T00:00:00,14764.714,68.286,1439.0,7843.0,179033.0,49.54
2020-10-10T00:00:00,16216.571,69.714,1456.0,7976.0,182340.0,43.98
2020-10-12T00:00:00,17225.571,75.429,1539.0,8671.0,191402.0,43.98
2020-10-13T00:00:00,17556.429,81.286,1633.0,8928.0,199476.0,43.98
2020-10-14T00:00:00,18129.571,85.0,1664.0,9173.0,208557.0,43.98
2020-10-15T00:00:00,19894.571,86.714,1741.0,9584.0,218258.0,43.98
2020-10-16T00:00:00,20552.143,96.571,1791.0,10021.0,226991.0,43.98
2020-10-17T00:00:00,21332.429,102.0,1868.0,10399.0,230614.0,49.54
2020-10-19T00:00:00,24035.429,114.857,2090.0,11640.0,239442.0,49.54
2020-10-20T00:00:00,24999.714,136.714,2168.0,12435.0,245609.0,49.54
2020-10-21T00:00:00,25634.714,145.571,2239.0,13162.0,252515.0,49.54
2020-10-22T00:00:00,27214.143,155.429,2310.0,14009.0,260128.0,49.54
2020-10-23T00:00:00,29673.429,172.714,2432.0,14985.0,269212.0,49.54
2020-10-24T00:00:00,31548.571,181.714,2491.0,15637.0,272713.0,49.54
2020-10-26T00:00:00,36619.857,201.0,2761.0,17761.0,283962.0,49.54
2020-10-27T00:00:00,38631.571,236.286,2909.0,18955.0,292966.0,49.54
2020-10-28T00:00:00,40080.143,249.286,3036.0,20184.0,299558.0,49.54
2020-10-29T00:00:00,40912.0,260.571,3147.0,21160.0,303772.0,49.54
2020-10-30T00:00:00,41858.429,295.857,3368.0,22153.0,307093.0,78.7
2020-10-31T00:00:00,40406.429,308.143,3443.0,23013.0,308550.0,78.7
2020-11-02T00:00:00,50784.143,349.714,3721.0,25120.0,311022.0,78.7
2020-11-03T00:00:00,56233.143,457.0,3869.0,26242.0,312003.0,78.7
2020-11-04T00:00:00,44280.143,415.143,4080.0,27511.0,310058.0,78.7
2020-11-05T00:00:00,45877.857,432.857,4221.0,28403.0,308845.0,78.7
2020-11-06T00:00:00,47517.571,473.143,4321.0,28955.0,305269.0,78.7
2020-11-07T00:00:00,54882.429,484.714,4410.0,29396.0,301679.0,78.7
2020-11-09T00:00:00,41699.0,509.143,4677.0,31098.0,293625.0,78.7
2020-11-10T00:00:00,34557.857,502.286,4736.0,31477.0,288941.0,78.7
2020-11-11T00:00:00,46347.429,554.0,4789.0,31918.0,245558.0,78.7
2020-11-12T00:00:00,42738.571,562.286,4884.0,32654.0,244414.0,78.7
2020-11-13T00:00:00,37479.0,577.143,4887.0,32676.0,234805.0,78.7
2020-11-14T00:00:00,29665.0,584.286,4855.0,32468.0,230280.0,78.7
2020-11-16T00:00:00,26415.857,582.0,4903.0,33466.0,217913.0,78.7
2020-11-17T00:00:00,29700.143,581.286,4838.0,33139.0,204802.0,78.7
2020-11-18T00:00:00,28619.857,596.0,4759.0,32811.0,228333.0,78.7
2020-11-19T00:00:00,26938.571,596.286,4637.0,32314.0,210681.0,78.7
2020-11-20T00:00:00,26814.143,626.0,4566.0,31875.0,201761.0,78.7
2020-11-21T00:00:00,24773.143,611.571,4493.0,31365.0,200332.0,78.7
2020-11-23T00:00:00,22051.714,598.143,4438.0,31449.0,192249.0,78.7
2020-11-24T00:00:00,16954.286,567.429,4277.0,30594.0,185931.0,78.7
2020-11-25T00:00:00,15227.286,561.286,4136.0,29944.0,183001.0,78.7
2020-11-26T00:00:00,14114.714,549.0,4006.0,29282.0,178891.0,78.7
2020-11-27T00:00:00,12616.143,523.0,3871.0,28620.0,175134.0,78.7
2020-11-28T00:00:00,11874.286,517.286,3765.0,28139.0,174274.0,75.0
2020-11-30T00:00:00,11285.429,501.0,3739.0,28229.0,171544.0,75.0
2020-12-01T00:00:00,11074.286,467.571,3594.0,27611.0,169449.0,75.0
2020-12-02T00:00:00,10713.286,456.571,3478.0,26986.0,167454.0,75.0
2020-12-03T00:00:00,10682.714,455.571,3415.0,26675.0,166329.0,75.0
2020-12-04T00:00:00,10502.286,408.571,3283.0,26283.0,166064.0,75.0
2020-12-05T00:00:00,10560.143,408.571,3220.0,26040.0,166878.0,75.0
2020-12-07T00:00:00,10601.571,399.143,3188.0,26333.0,169826.0,75.0
2020-12-08T00:00:00,11401.714,407.857,3078.0,25882.0,173497.0,75.0
2020-12-09T00:00:00,11465.571,405.857,3031.0,25526.0,177237.0,75.0
2020-12-10T00:00:00,11620.571,401.857,2949.0,25199.0,180986.0,75.0
2020-12-11T00:00:00,11903.143,401.571,2874.0,24943.0,185793.0,75.0
2020-12-12T00:00:00,12055.286,398.857,2851.0,24948.0,189789.0,75.0
2020-12-14T00:00:00,12107.429,396.857,2896.0,25449.0,201278.0,75.0
2020-12-15T00:00:00,11776.143,390.143,2871.0,25207.0,213959.0,63.89
2020-12-16T00:00:00,12211.143,389.143,2840.0,25282.0,232529.0,63.89
2020-12-17T00:00:00,12857.714,384.143,2798.0,25149.0,257208.0,63.89
2020-12-18T00:00:00,13198.571,381.857,2764.0,24945.0,293625.0,63.89
2020-12-19T00:00:00,13695.857,381.286,2718.0,24819.0,322619.0,63.89
2020-12-21T00:00:00,14280.571,375.429,2737.0,25201.0,384576.0,63.89
2020-12-22T00:00:00,14300.0,377.0,2719.0,24932.0,445677.0,63.89
2020-12-23T00:00:00,13909.429,375.143,2701.0,24852.0,502490.0,63.89
2020-12-24T00:00:00,14383.714,379.429,2643.0,24607.0,517726.0,63.89
2020-12-25T00:00:00,15010.429,314.714,2616.0,24359.0,450777.0,63.89
2020-12-26T00:00:00,12962.571,308.571,2640.0,24444.0,434587.0,63.89
2020-12-28T00:00:00,11984.714,316.571,2694.0,24645.0,384281.0,63.89
2020-12-29T00:00:00,11932.286,340.429,2666.0,24743.0,330604.0,63.89
2020-12-30T00:00:00,13579.143,344.286,2652.0,24560.0,282714.0,63.89
2020-12-31T00:00:00,13334.0,338.571,2625.0,24407.0,258602.0,63.89
2021-01-01T00:00:00,13204.857,334.857,2609.0,24263.0,257809.0,63.89
2021-01-02T00:00:00,13258.143,336.286,2632.0,24458.0,258832.0,63.89
2021-01-04T00:00:00,13915.571,330.571,2657.0,24962.0,262984.0,63.89
2021-01-05T00:00:00,15249.714,316.143,2616.0,24871.0,259858.0,63.89
2021-01-06T00:00:00,15060.0,313.0,2607.0,24708.0,247492.0,63.89
2021-01-07T00:00:00,15312.143,316.571,2573.0,24488.0,245981.0,63.89
2021-01-08T00:00:00,15383.857,382.0,2606.0,24377.0,291240.0,63.89
2021-01-09T00:00:00,17771.143,383.714,2600.0,24240.0,285360.0,63.89
2021-01-11T00:00:00,18226.143,378.286,2666.0,24812.0,280279.0,63.89
2021-01-12T00:00:00,18072.429,360.286,2678.0,24703.0,279339.0,63.89
2021-01-13T00:00:00,17893.286,352.714,2701.0,24735.0,279286.0,63.89
2021-01-14T00:00:00,17831.571,353.857,2716.0,24983.0,278672.0,63.89
2021-01-15T00:00:00,18039.714,360.286,2730.0,25009.0,278671.0,63.89
2021-01-16T00:00:00,18215.714,363.857,2731.0,24985.0,280016.0,63.89
2021-01-18T00:00:00,18312.857,375.571,2803.0,25584.0,280373.0,63.89
2021-01-19T00:00:00,18922.286,363.286,2829.0,25532.0,280246.0,63.89
2021-01-20T00:00:00,19326.0,374.857,2842.0,25650.0,281327.0,63.89
2021-01-21T00:00:00,19522.429,383.857,2866.0,25699.0,283833.0,63.89
2021-01-22T00:00:00,19809.143,385.714,2902.0,25872.0,288444.0,63.89
2021-01-23T00:00:00,20192.571,391.0,2886.0,25864.0,288889.0,63.89
2021-01-25T00:00:00,20520.714,401.429,3031.0,26888.0,293441.0,63.89
2021-01-26T00:00:00,20252.0,395.429,3071.0,27005.0,296646.0,63.89
2021-01-27T00:00:00,20279.571,401.143,3097.0,27131.0,299464.0,63.89
2021-01-28T00:00:00,20436.429,400.714,3101.0,27128.0,305872.0,63.89
2021-01-29T00:00:00,20423.714,425.286,3120.0,27270.0,310404.0,63.89
2021-01-30T00:00:00,20416.857,426.857,3103.0,27242.0,312614.0,63.89
2021-02-01T00:00:00,20557.857,431.571,3218.0,27874.0,314363.0,63.89
2021-02-02T00:00:00,20728.571,447.571,3270.0,28029.0,317998.0,63.89
2021-02-03T00:00:00,20650.714,448.714,3267.0,27953.0,319441.0,63.89
2021-02-04T00:00:00,17252.429,399.571,3240.0,27766.0,318573.0,63.89
2021-02-05T00:00:00,20448.429,426.286,3235.0,27572.0,319750.0,63.89
2021-02-06T00:00:00,19954.571,419.143,3215.0,27327.0,320499.0,63.89
2021-02-08T00:00:00,20002.286,416.286,3353.0,27995.0,318351.0,60.19
2021-02-09T00:00:00,19385.571,416.0,3332.0,27634.0,317599.0,60.19
2021-02-10T00:00:00,19243.143,407.143,3309.0,27417.0,316920.0,60.19
2021-02-11T00:00:00,22251.143,458.571,3327.0,26963.0,314703.0,60.19
2021-02-12T00:00:00,18694.286,406.714,3298.0,26424.0,311945.0,60.19
2021-02-13T00:00:00,18786.143,407.857,3294.0,26196.0,311099.0,60.19
2021-02-15T00:00:00,18360.857,400.429,3371.0,26478.0,309973.0,60.19
2021-02-16T00:00:00,18443.143,380.857,3338.0,26195.0,307344.0,60.19
2021-02-17T00:00:00,18390.429,382.857,3340.0,25929.0,306342.0,60.19
2021-02-18T00:00:00,18596.429,370.143,3384.0,25717.0,306251.0,60.19
2021-02-19T00:00:00,19084.714,359.714,3380.0,25506.0,306497.0,60.19
2021-02-20T00:00:00,19247.571,353.714,3369.0,25269.0,306394.0,60.19
2021-02-22T00:00:00,20050.286,341.429,3407.0,25831.0,304622.0,60.19
2021-02-23T00:00:00,20135.571,319.143,3435.0,25660.0,302227.0,60.19
2021-02-24T00:00:00,21062.286,314.571,3436.0,25614.0,300888.0,60.19
2021-02-25T00:00:00,21476.0,313.143,3430.0,25317.0,298303.0,60.19
2021-02-26T00:00:00,21631.571,308.429,3445.0,25130.0,296190.0,70.37
2021-02-27T00:00:00,21880.0,312.429,3453.0,24989.0,294922.0,70.37
2021-03-01T00:00:00,21591.714,313.0,3544.0,25430.0,294655.0,70.37
2021-03-02T00:00:00,21974.429,311.143,3586.0,25263.0,293703.0,60.19
2021-03-03T00:00:00,21300.714,317.429,3637.0,25111.0,292486.0,60.19
2021-03-04T00:00:00,21282.429,322.0,3633.0,24891.0,292582.0,60.19
2021-03-05T00:00:00,21038.286,307.714,3680.0,24765.0,293435.0,70.37
2021-03-06T00:00:00,20935.714,305.571,3689.0,24625.0,294494.0,70.37
2021-03-08T00:00:00,21322.143,304.571,3849.0,25195.0,298091.0,70.37
2021-03-09T00:00:00,21366.143,297.429,3918.0,25201.0,302801.0,62.04
2021-03-10T00:00:00,21773.286,298.714,3918.0,24969.0,306480.0,62.04
2021-03-11T00:00:00,22174.143,294.714,3992.0,24858.0,315808.0,62.04
2021-03-12T00:00:00,22398.143,263.857,4033.0,24749.0,325630.0,62.04
2021-03-13T00:00:00,23308.286,263.714,4070.0,24671.0,330072.0,70.37
2021-03-15T00:00:00,24099.429,261.429,4219.0,25469.0,340900.0,62.04
2021-03-16T00:00:00,25077.571,267.143,4239.0,25492.0,352102.0,62.04
2021-03-17T00:00:00,26343.143,254.286,4219.0,25314.0,360461.0,62.04
2021-03-18T00:00:00,27340.571,254.714,4246.0,25389.0,370886.0,62.04
2021-03-19T00:00:00,28775.286,263.571,4287.0,25339.0,382389.0,70.37
2021-03-20T00:00:00,29572.429,264.571,4353.0,25537.0,387790.0,70.37
2021-03-22T00:00:00,31507.857,265.714,4548.0,26488.0,400883.0,70.37
2021-03-23T00:00:00,29317.714,248.429,4634.0,26756.0,413269.0,70.37
2021-03-24T00:00:00,33156.429,249.143,4651.0,26876.0,424483.0,70.37
2021-03-25T00:00:00,34668.857,243.143,4709.0,27036.0,436958.0,70.37
2021-03-26T00:00:00,35635.143,330.571,4766.0,27242.0,449816.0,68.52
2021-03-27T00:00:00,36675.429,332.714,4791.0,27259.0,459045.0,68.52
2021-03-29T00:00:00,36641.286,334.0,4974.0,28322.0,474687.0,68.52
2021-03-30T00:00:00,38930.857,347.429,5072.0,28510.0,491885.0,68.52
2021-03-31T00:00:00,38025.0,355.571,5053.0,28463.0,504352.0,68.52
2021-04-01T00:00:00,38741.429,367.286,5109.0,28581.0,517125.0,68.52
2021-04-02T00:00:00,39427.286,286.571,5254.0,28729.0,522168.0,68.52
2021-04-03T00:00:00,33361.714,285.857,5273.0,28886.0,530564.0,68.52
2021-04-05T00:00:00,39818.0,270.286,5433.0,29907.0,447461.0,71.3
2021-04-06T00:00:00,36579.857,276.714,5626.0,30639.0,443808.0,75.0
2021-04-07T00:00:00,28276.571,293.571,5729.0,30904.0,430611.0,75.0
2021-04-08T00:00:00,34899.0,298.571,5705.0,30555.0,403383.0,75.0
2021-04-09T00:00:00,28253.429,298.429,5757.0,30326.0,380422.0,75.0
2021-04-10T00:00:00,28430.286,301.429,5769.0,30238.0,364696.0,75.0
2021-04-12T00:00:00,33433.714,327.0,5916.0,31262.0,417597.0,75.0
2021-04-13T00:00:00,37872.857,315.429,5952.0,31226.0,383460.0,75.0
2021-04-14T00:00:00,43955.714,297.714,5902.0,30868.0,368078.0,75.0
2021-04-15T00:00:00,35528.857,291.0,5924.0,30668.0,354719.0,75.0
2021-04-16T00:00:00,40712.571,291.0,5914.0,30472.0,341551.0,75.0
2021-04-17T00:00:00,45636.714,288.429,5877.0,30329.0,334711.0,75.0
2021-04-19T00:00:00,32727.286,292.143,5970.0,31214.0,324922.0,75.0
2021-04-20T00:00:00,33433.714,298.286,5984.0,31086.0,318100.0,75.0
2021-04-21T00:00:00,32207.571,300.571,5959.0,30954.0,311834.0,75.0
2021-04-22T00:00:00,31544.571,298.714,5981.0,30634.0,305428.0,75.0
2021-04-23T00:00:00,30957.429,298.857,5962.0,30438.0,299760.0,75.0
2021-04-24T00:00:00,30495.857,302.857,5958.0,30100.0,296247.0,75.0
2021-04-26T00:00:00,29692.429,296.571,6001.0,30596.0,294228.0,75.0
2021-04-27T00:00:00,27728.0,290.714,5943.0,30281.0,296558.0,75.0
2021-04-28T00:00:00,27244.857,291.0,5879.0,29911.0,294965.0,75.0
2021-04-29T00:00:00,26265.286,294.286,5804.0,29487.0,302948.0,75.0
2021-04-30T00:00:00,25117.143,288.571,5675.0,28930.0,316195.0,75.0
2021-05-01T00:00:00,24121.143,285.0,5581.0,28603.0,294163.0,75.0
2021-05-03T00:00:00,21724.857,268.143,5630.0,28950.0,304835.0,63.89
2021-05-04T00:00:00,20875.286,255.286,5504.0,28427.0,311360.0,63.89
2021-05-05T00:00:00,20084.143,245.143,5402.0,27686.0,316936.0,63.89
2021-05-06T00:00:00,19393.571,232.714,5231.0,26985.0,325097.0,63.89
2021-05-07T00:00:00,18655.857,226.857,5106.0,26331.0,330510.0,63.89
2021-05-08T00:00:00,17957.143,224.571,5005.0,25800.0,333032.0,63.89
2021-05-10T00:00:00,17777.0,222.0,4870.0,25666.0,340009.0,63.89
2021-05-11T00:00:00,17121.857,221.143,4743.0,25028.0,350790.0,63.89
2021-05-12T00:00:00,16478.143,212.571,4583.0,24254.0,364377.0,63.89
2021-05-13T00:00:00,16156.429,200.0,4442.0,23656.0,312158.0,63.89
2021-05-14T00:00:00,14428.429,188.857,4352.0,23406.0,304235.0,63.89
2021-05-15T00:00:00,13700.714,179.714,4271.0,22950.0,324419.0,63.89
2021-05-17T00:00:00,14407.857,161.143,4186.0,22749.0,316963.0,63.89
2021-05-18T00:00:00,14041.0,157.857,4015.0,22058.0,310725.0,63.89
2021-05-19T00:00:00,13692.286,151.714,3862.0,21347.0,301939.0,54.63
2021-05-20T00:00:00,10912.143,152.0,3769.0,20750.0,352166.0,54.63
2021-05-21T00:00:00,11735.0,144.857,3631.0,20209.0,352337.0,54.63
2021-05-22T00:00:00,11295.857,141.571,3544.0,19765.0,354704.0,54.63
2021-05-24T00:00:00,10527.143,121.0,3496.0,19701.0,300625.0,54.63
2021-05-25T00:00:00,8517.429,120.0,3447.0,19430.0,307472.0,54.63
2021-05-26T00:00:00,7603.143,120.571,3330.0,18593.0,303079.0,54.63
2021-05-27T00:00:00,9593.571,121.857,3206.0,17941.0,299920.0,54.63
2021-05-28T00:00:00,9375.143,122.143,3104.0,17272.0,298867.0,54.63
2021-05-29T00:00:00,9220.286,119.143,3028.0,16847.0,296644.0,54.63
2021-05-31T00:00:00,8796.857,124.429,2945.0,16596.0,339742.0,54.63
2021-06-01T00:00:00,9753.714,112.0,2825.0,16088.0,320192.0,54.63
2021-06-02T00:00:00,8139.0,105.0,2754.0,15638.0,314086.0,54.63
2021-06-03T00:00:00,8371.286,94.714,2677.0,15283.0,308238.0,54.63
2021-06-04T00:00:00,7754.714,89.429,2571.0,14801.0,304365.0,54.63
2021-06-05T00:00:00,7058.571,87.857,2525.0,14532.0,301969.0,54.63
2021-06-07T00:00:00,6676.0,77.286,2472.0,14323.0,297716.0,54.63
2021-06-08T00:00:00,6128.571,68.857,2394.0,13984.0,294785.0,54.63
2021-06-09T00:00:00,6730.714,64.429,2326.0,13526.0,289951.0,54.63
2021-06-10T00:00:00,5148.429,64.143,2245.0,13090.0,286363.0,54.63
2021-06-11T00:00:00,4708.571,62.143,2163.0,12712.0,280939.0,54.63
2021-06-12T00:00:00,4325.429,58.857,2110.0,12496.0,278948.0,54.63
2021-06-14T00:00:00,3942.143,56.429,2068.0,12374.0,274164.0,54.63
2021-06-15T00:00:00,3545.286,57.143,1952.0,11895.0,267850.0,54.63
2021-06-16T00:00:00,3187.429,54.143,1873.0,11519.0,263611.0,54.63
2021-06-17T00:00:00,2839.714,52.429,1799.0,11114.0,260368.0,54.63
2021-06-18T00:00:00,2740.857,51.571,1740.0,10738.0,261110.0,54.63
2021-06-19T00:00:00,2548.286,49.857,1703.0,10531.0,261979.0,54.63
2021-06-21T00:00:00,2367.571,46.429,1655.0,10386.0,258692.0,47.22
2021-06-22T00:00:00,2220.429,42.286,1560.0,10046.0,254947.0,47.22
2021-06-23T00:00:00,2115.571,40.714,1509.0,9771.0,252386.0,47.22
2021-06-24T00:00:00,2109.714,39.0,1439.0,9392.0,248371.0,47.22
2021-06-25T00:00:00,1938.429,34.0,1389.0,9190.0,243765.0,47.22
2021-06-26T00:00:00,1867.571,32.571,1349.0,9024.0,244306.0,47.22
2021-06-28T00:00:00,1831.286,33.571,1304.0,8846.0,245453.0,47.22
2021-06-29T00:00:00,2000.143,32.714,1250.0,8627.0,246284.0,47.22
2021-06-30T00:00:00,1864.429,31.571,1204.0,8451.0,251358.0,45.83
2021-07-01T00:00:00,1958.143,29.429,1162.0,8232.0,256047.0,45.83
2021-07-02T00:00:00,2058.0,28.143,1123.0,8044.0,262138.0,45.83
2021-07-03T00:00:00,2183.429,28.857,1102.0,7912.0,270594.0,45.83
2021-07-05T00:00:00,2362.714,26.857,1077.0,7806.0,280358.0,45.83
2021-07-06T00:00:00,2390.286,25.429,1032.0,7637.0,284739.0,45.83
2021-07-07T00:00:00,2776.429,25.857,997.0,7539.0,290590.0,45.83
2021-07-08T00:00:00,3031.0,25.286,971.0,7384.0,295540.0,45.83
2021-07-09T00:00:00,3301.429,24.429,953.0,7275.0,305185.0,43.98
2021-07-10T00:00:00,3542.857,24.714,947.0,7183.0,316024.0,43.98
2021-07-12T00:00:00,3853.571,22.571,957.0,7137.0,322002.0,43.98
2021-07-13T00:00:00,4335.0,25.286,933.0,7076.0,337950.0,43.98
2021-07-14T00:00:00,3958.857,22.143,931.0,7047.0,309830.0,43.98
2021-07-15T00:00:00,4903.429,20.857,914.0,7054.0,322048.0,43.98
2021-07-16T00:00:00,5811.286,21.429,899.0,6971.0,325939.0,43.98
2021-07-17T00:00:00,6712.571,21.0,890.0,6922.0,329397.0,43.98
2021-07-19T00:00:00,8304.429,19.857,902.0,7041.0,337988.0,43.98
2021-07-20T00:00:00,9912.857,16.857,876.0,6912.0,339746.0,43.98
2021-07-21T00:00:00,12787.571,19.143,859.0,6869.0,397194.0,43.98
2021-07-22T00:00:00,14365.0,18.571,868.0,6832.0,404803.0,43.98
2021-07-23T00:00:00,15575.571,20.714,872.0,6802.0,438120.0,43.98
2021-07-24T00:00:00,17680.714,21.571,878.0,6787.0,466481.0,43.98
2021-07-26T00:00:00,18242.286,25.429,952.0,7079.0,499446.0,43.98
2021-07-27T00:00:00,19515.286,24.857,978.0,7137.0,515653.0,43.98
2021-07-28T00:00:00,20422.429,28.0,992.0,7208.0,518881.0,43.98
2021-07-29T00:00:00,20898.0,30.429,1015.0,7236.0,534250.0,43.98
2021-07-30T00:00:00,21598.143,34.143,1072.0,7363.0,550979.0,43.98
2021-07-31T00:00:00,21329.714,37.286,1099.0,7409.0,558985.0,43.98
2021-08-02T00:00:00,22422.571,40.571,1232.0,7840.0,566822.0,43.98
2021-08-03T00:00:00,22018.286,45.0,1331.0,7974.0,569598.0,43.98
2021-08-04T00:00:00,22206.571,45.714,1371.0,8134.0,571441.0,43.98
2021-08-05T00:00:00,22423.714,49.143,1420.0,8210.0,570697.0,43.98
2021-08-06T00:00:00,22626.714,49.571,1458.0,8368.0,566374.0,43.98
2021-08-07T00:00:00,22911.714,47.857,1510.0,8425.0,566541.0,43.98
2021-08-09T00:00:00,22822.0,53.571,1667.0,9022.0,609028.0,60.65
2021-08-10T00:00:00,23478.286,56.429,1712.0,9153.0,647901.0,60.65
2021-08-11T00:00:00,23985.857,58.429,1745.0,9233.0,679875.0,60.65
2021-08-12T00:00:00,24374.714,62.286,1807.0,9465.0,717503.0,60.65
2021-08-13T00:00:00,24662.714,66.286,1831.0,9546.0,744755.0,66.67
2021-08-14T00:00:00,24458.429,69.286,1837.0,9648.0,775686.0,66.67
2021-08-16T00:00:00,25456.714,77.714,1908.0,10151.0,782333.0,66.67
2021-08-17T00:00:00,24918.286,84.0,1953.0,10219.0,782026.0,66.67
2021-08-18T00:00:00,24523.0,94.0,2054.0,10336.0,779110.0,66.67
2021-08-19T00:00:00,23911.286,102.429,2049.0,10392.0,778098.0,66.67
2021-08-20T00:00:00,23225.714,102.857,2091.0,10515.0,786889.0,66.67
2021-08-21T00:00:00,22980.857,111.286,2106.0,10463.0,776783.0,66.67
2021-08-23T00:00:00,21630.143,126.143,2215.0,11007.0,763347.0,66.67
2021-08-24T00:00:00,21743.143,133.286,2221.0,11066.0,751472.0,66.67
2021-08-25T00:00:00,20840.143,132.571,2239.0,11171.0,740011.0,66.67
2021-08-26T00:00:00,20025.0,132.571,2261.0,11104.0,725603.0,66.67
2021-08-27T00:00:00,16812.0,136.0,2270.0,11162.0,713302.0,66.67
2021-08-28T00:00:00,18657.429,130.571,2259.0,11052.0,706753.0,66.67
2021-08-30T00:00:00,18101.286,120.0,,,694131.0,
2021-08-31T00:00:00,14402.714,116.286,,,,
2021-09-01T00:00:00,15748.857,113.0,,,,
2021-09-02T00:00:00,14959.0,111.143,,,,
2021-09-03T00:00:00,17068.571,109.857,,,,
2021-09-04T00:00:00,13883.571,111.143,,,,
2021-09-05T00:00:00,13423.571,110.571,,,,
2021-09-06T00:00:00,12761.0,112.143,,,,
